name,description
Peanut Butter Banana Smoothie,Smooth and creamy smoothie made with peanut butter and banana.
Smartphone Car Mount with Wireless Charging,Secure phone mount that wirelessly charges your device while driving.
Cold Brew Coffee Concentrate,"Rich and smooth cold brew coffee concentrate, just add water or milk."
Lemon Garlic Shrimp,"Marinated shrimp in a garlic and lemon sauce, perfect for grilling."
Sweet Cherry Tomatoes,Fresh and juicy cherry tomatoes for salads and snacking.
Pumpkin Spice Pancake Mix,Pancake mix infused with seasonal pumpkin spice flavor.
Cork Yoga Mat,Eco-friendly yoga mat made from sustainable materials.
Digital Wireless Meat Thermometer,Bluetooth thermometer that alerts you when your meat is done.
Tortilla Chips,"Crispy tortilla chips, perfect for dipping."
Coconut Curry Lentil Soup,"A hearty soup made with lentils, coconut milk, and a blend of spices for a tropical flavor."
LED Flashlight with Rechargeable Batteries,Bright flashlight with rechargeable batteries included.
Classic Caesar Salad Kit,Everything you need for a fresh and delicious Caesar salad.
LED Desk Lamp with USB Charging,Stylish desk lamp featuring a USB charging port.
Compact Electric Kettle,Quick-boiling kettle for home and office use.
Blueberry Oatmeal Cups,Instant oatmeal cups with blueberries for an easy breakfast.
Chili Garlic Sauce,"Spicy sauce made with chili peppers and garlic, great for stir-frying."
Chocolate Peanut Butter Cups,Delicious dark chocolate cups filled with creamy peanut butter.
Inspirational Wall Art,Quote wall art to inspire and motivate.
Zucchini Noodles,"Spiralized zucchini, a healthy alternative to pasta."
Hummus Variety Pack,"A selection of different flavored hummus, great for snacking."
Mini Meatballs,Frozen mini meatballs that are great as a snack or in pasta dishes.
DIY Candle Making Kit,Everything you need to make your own candles.
Tomato Sauce,Rich and flavorful tomato sauce for pasta or pizza.
Basic V-Neck T-Shirt,A staple v-neck t-shirt that pairs well with anything.
Hand Mixer,Compact hand mixer for easy baking.
Smartphone UV Sanitizer,UV light sanitizer for phones and small items.
Cauliflower Crust Pizza,A gluten-free pizza crust made from cauliflower.
Organic Tomato Soup,Hearty tomato soup made from organic ingredients.
Inflatable Paddle Board,Lightweight and portable paddle board for water sports.
Chili Garlic Sauce,"Spicy sauce made with chili peppers and garlic, great for stir-frying."
Mini Projector for Smartphones,Compact and portable projector for watching videos anywhere.
Overnight Hiking Backpack,Durable backpack with ample storage for outdoor adventures.
Banana Nut Muffins,"Moist, fluffy muffins packed with bananas and walnuts for a delightful breakfast or snack."
Potting Soil,Premium potting soil for indoor plants.
Legging Pants,Comfortable and stretchy legging pants perfect for workouts or daily wear.
Beef Stew Meat,Tender beef chunks for slow-cooked stews.
Ergonomic Mouse Pad with Wrist Support,Comfortable mouse pad designed to reduce wrist strain.
Board Game Storage,Organize your board games with this storage bin.
Electric Blanket,Extra soft electric blanket with adjustable heat settings.
Sea Salt Tortilla Chips,"Crunchy tortilla chips with a hint of sea salt, great with dips."
Thyme,"Fresh thyme, perfect for seasoning dishes."
Chili Lime Seasoning,Zesty seasoning great for tacos and grilling.
Pet Reflective Vest,Safety vest for pets during nighttime walks.
Non-Stick Baking Sheet,Durable baking sheet coated for easy food release.
Coconut Rice,Fluffy rice cooked with coconut milk for a tropical twist.
Saffron Rice Mix,Flavorful rice mix with saffron and spices.
Solar Power Bank,Eco-friendly power bank that charges via sunlight.
Dried Mango Slices,"Sweet and chewy dried mango slices, perfect for snacking."
Dark Chocolate Covered Pretzels,Crunchy pretzels dipped in rich dark chocolate.
Dark Chocolate Raisins,Juicy raisins coated in rich dark chocolate.
Inflatable Pool Float,Fun inflatable float for lounging in the pool or beach.
Spicy Salsa Verde,"Green salsa with a spicy kick, great for dipping."
Chocolate Chip Muffins,Fresh baked chocolate chip muffins for breakfast.
Sour Cream,"Tangy sour cream, perfect for dips and toppings."
Classic Baseball Cap,A timeless baseball cap that adds a sporty touch to any outfit.
Pet Water Fountain,Automatic water fountain for pets with filtration.
Dried Mango Slices,"Sweet and chewy dried mango slices, perfect for snacking."
Crafting Kit,Complete crafting kit for kids and adults.
Portable Air Purifier,Compact air purifier to improve indoor air quality.
Wireless Game Controller,Ergonomic wireless controller for gaming consoles.
Survival Gear Kit,Essential survival gear kit for emergencies.
Pumpkin Spice Latte Mix,Instant mix for delicious pumpkin spice lattes at home.
Peach Preserves,"Sweet and fruity peach preserves, perfect for spreading on toast."
Lemon Garlic Marinade,"A zesty marinade made with lemon juice and garlic, ideal for chicken or fish."
Gingerbread House Kit,Everything you need to build a festive gingerbread house.
Crispy Kale Chips,"Baked kale chips seasoned for a healthy, crunchy snack."
Eco-Friendly Notepad,Notepad made from recycled paper for sustainable note-taking.
Electric Wine Opener,Rechargeable electric wine opener for effortless uncorking.
Vegetarian Stir Fry Sauce,Flavorful sauce perfect for stir-frying vegetables and tofu.
Almond Crunch Granola Bars,Nutty granola bars for healthy snacking.
Mini Electric Kettle,Quick boiling kettle for small kitchens and dorms.
Portable UV Sterilizer,Compact sterilizer for disinfecting small items.
Bike Repair Tool Kit,Essential tools for bike maintenance and repair.
Maple Pecan Pancake Mix,"A fluffy pancake mix infused with maple and pecans, perfect for a hearty breakfast."
Almond Butter Cups,"Rich chocolate cups filled with almond butter, a delicious treat."
Creative Puzzle Game,Challenging and fun puzzle game for all ages.
Maple Almond Yogurt,Creamy yogurt made with maple and almond flavors.
Winter Knit Beanie,Cozy beanie hat to keep your head warm in the cold.
Sesame Noodles,"Chilled noodles dressed in sesame sauce, ready to eat."
Pet Travel Bed,Portable bed for pets while traveling.
Foot Spa Bath Massager,Relax and soothe tired feet with this foot spa.
Pasta Maker Machine,Manual pasta maker for creating fresh pasta at home.
Pasta Maker Machine,Manual pasta maker for creating fresh pasta at home.
Multifunctional Pocket Tool,Compact pocket tool with various built-in functions.
Infrared Thermometer Gun,Non-contact thermometer for quick and easy temperature readings.
Garden Tool Belt,Handy belt for carrying garden tools while working.
Cold Brew Coffee Maker,Brews coffee with a smooth flavor without bitterness.
Multi-Function Smartphone Holder,"Versatile holder that can be used on desks, cars, and more."
Compact Hair Dryer,Lightweight hair dryer with multiple speed settings.
Compact Hair Dryer,Lightweight hair dryer with multiple speed settings.
Solar Garden Lights,Energy-efficient lights that charge during the day and illuminate at night.
Non-Stick Crepe Pan,Perfectly designed pan for making crepes and pancakes.
Personal Security Alarm Keychain,Handy keychain that emits a loud alarm for personal safety.
Lentil Vegetable Curry,A flavorful lentil curry cooked with vegetables and spices.
Coconut Cream Pie,Delicious pie filled with coconut cream and topped with whipped cream.
Mashed Sweet Potatoes,Creamy mashed sweet potatoes with a hint of cinnamon.
Wireless HDMI Transmitter,Stream HD video wirelessly to your TV.
High-Waisted Skirt,"Chic high-waisted skirt, perfect for professional or casual settings."
Avocado Oil,"A healthy oil extracted from avocados, ideal for frying and salads."
Electric Hot Water Dispenser,Instant hot water dispenser for tea and cooking.
Gaming Mousepad,Oversized gaming mousepad with smooth surface.
Ergonomic Gaming Chair,Comfortable gaming chair for long hours of play.
Adjustable Dumbbells,Space-saving adjustable dumbbells for strength training.
Italian Herbal Seasoning,A fragrant blend of Italian herbs for pasta sauces and marinades.
Pear and Gorgonzola Salad,"Fresh salad with pears, gorgonzola cheese, and nuts, perfect for lunch."
Coconut Curry Lentils,Lentils cooked in a coconut curry for a hearty meal.
Insulated Lunch Box,Durable lunch box designed to keep food fresh and cool.
Almond Joy Protein Bars,Chocolate coconut protein bars inspired by the classic candy bar.
Pet Waterer with Filtration,Automatic waterer that filters and provides fresh drinking water for pets.
Chocolate Covered Pretzels,"Crunchy pretzels coated in rich chocolate, a sweet treat."
Coconut Milk,Rich coconut milk for curries and desserts.
Incense Holder,Ceramic incense holder for a calming atmosphere.
Organic Coconut Flakes,Unsweetened coconut flakes for baking and snacking.
Gardening Gloves,Durable gardening gloves with reinforced fingertips.
Blackberry Compote,"Sweet blackberry compote, perfect for topping desserts."
Luxury Memory Foam Mattress Topper,Adds extra comfort to your mattress for a better night's sleep.
Solar String Lights,Eco-friendly string lights for outdoor decor.
Multi-Tool,Versatile multi-tool with 15 different functions.
Maple Almond Butter,Creamy almond butter sweetened with maple syrup for a delicious spread.
Low-Fat Yogurt,"Creamy yogurt with probiotics, available in various flavors."
Outdoor Portable Fire Pit,Compact fire pit for campfires and gatherings.
Organic Black Beans,"Versatile canned black beans, ready to add to any dish."
Magnetic Spice Containers,Set of magnetic jars for convenient spice organization.
Smart Doorbell,Wi-Fi enabled doorbell with HD camera and two-way audio.
Pizza Stone,Ceramic pizza stone for homemade pizzas.
Berry Smoothie Mix,Frozen mix for quick berry smoothies.
Turmeric Ginger Tea,A soothing tea blend with turmeric and ginger for wellness.
Rechargeable Hand Warmer,Portable rechargeable warmer for cold days.
Collapsible Folding Chair,Lightweight and portable chair for camping or events.
Cauliflower Pizza Crust,Healthy pizza crust made from cauliflower
Gardening Tools Set,Complete set of gardening tools for outdoor tasks.
Emergency Preparedness Kit,Complete kit for emergency situations including food and water.
Organic Cucumber,Fresh organic cucumber perfect for salads or snacking.
Outdoor Camping Hammock,Lightweight and durable hammock for relaxing in nature.
Digital Drawing Tablet,Tablet for digital drawing and illustration work.
Fitness Resistance Bands Set,Variety of bands suitable for all fitness levels.
Sweet and Sour Sauce,Perfect dipping sauce or stir-fry addition for a sweet and tangy flavor.
Spicy Beef Taco Mix,Easy mix for making spicy beef tacos.
Cranberry Orange Juice,Refreshing juice blend of cranberries and oranges.
Gingerbread House Kit,Everything you need to build a festive gingerbread house.
Over-the-Door Shoe Organizer,Space-saving solution to store shoes and keep them organized.
Instant Read Meat Thermometer,Fast and accurate thermometer for grilling and cooking.
Savory Oats,"Instant oats with a savory twist, such as herbs and spices."
Oversized Denim Shirt,A trendy oversized denim shirt perfect for layering.
Vegetable Spring Rolls,Crispy spring rolls filled with vegetables
Lemon Herb Grilled Chicken,Tender grilled chicken marinated in lemon herbs.
Garlic Herb Cream Cheese,Spreadable cream cheese blended with garlic and herbs.
Peanut Butter Chocolate Clusters,Delicious clusters of peanuts and chocolate for a sweet treat.
Pet Training Clicker,Simple tool to train your pet with positive reinforcement.
Tuna Fish (canned),"Wild-caught tuna in olive oil, perfect for salads."
Comfortable Jogger Pants,"Relaxed fit joggers made from soft fleece, ideal for lounging or workouts."
Wire Shelving Unit,Adjustable shelving unit for home or garage storage.
Adjustable Dog Harness,Comfortable and adjustable harness for dogs.
Creamy Garlic Mashed Potatoes,Rich and buttery mashed potatoes with roasted garlic.
Compact Portable Grill,Easy-to-use portable grill for barbecues.
Rice Pudding,Creamy dessert made with rice and cinnamon.
Mango Chili Salsa,"A sweet and spicy salsa made with mangoes and a hint of chili, great with chips or grilled chicken."
Hiking Water Bottle with Filter,8oz water bottle with built-in filter for clean drinking water.
Vegetable Broth,Rich vegetable broth for soups and stews.
LED Camping Lantern with USB Charging,Rechargeable lantern with multiple brightness settings for outdoors.
Greek Yogurt,Creamy Greek yogurt packed with protein and probiotics.
Wildflower Honey,Natural honey sourced from wildflowers.
LED Strip Lights with Remote Control,Color-changing LED lights for home decoration with remote.
Cinnamon Roll Dough,Ready-to-bake cinnamon roll dough for easy breakfasts.
Sweet Potato Fries,"Crispy sweet potato fries, a delicious side dish."
Ankle Boots,"Stylish leather ankle boots with a block heel, perfect for fall styling."
Spicy Tuna Sushi Kit,Everything you need to make delicious spicy tuna rolls at home.
Oven Thermometer,High-precision oven thermometer for accurate cooking.
Cinnamon Sugar Donuts,Delicious mini donuts dusted with cinnamon sugar.
Portable Camping Stove,Compact camp stove for outdoor cooking.
Maple Almond Butter,Creamy almond butter sweetened with maple syrup for a delicious spread.
Oven-Baked Potato Chips,Light and crispy baked potato chips in assorted flavors.
Ricotta Cheese,"Creamy ricotta cheese, great for cooking or making desserts."
Pet Water Fountain,Automatic water fountain for pets with filtration.
Smartphone UV Sanitizer,UV light sanitizer for phones and small items.
Solar Garden Lights,Energy-efficient lights that charge during the day and illuminate at night.
Garlic Herb Marinade,"A savory marinade for meats, perfect for grilling."
Lentil Pasta,"Gluten-free pasta made from lentils, high in protein."
Yoga Strap,Durable yoga strap for deeper stretches.
Relaxed Fit Henley Shirt,"A comfortable henley shirt made of soft cotton, perfect for casual outings."
Teriyaki Beef Jerky,Savory and chewy beef jerky with teriyaki flavor.
Pet Hair Removal Roller,Lint roller designed specifically for removing pet hair from furniture.
Smart Wi-Fi Light Bulbs,Energy-efficient LED bulbs that can be controlled via smartphone.
Personalized Keychain,Custom keychain with engraved text.
Organic Baby Carrots,Fresh and crunchy baby carrots ready for snacking.
Chocolate Protein Powder,Rich chocolate protein powder for smoothies and baking.
Weighted Jump Rope with Counter,Jump rope that counts your jumps for tracking workouts.
Vegetable Broth,Rich vegetable broth for soups and stews.
Maple Oatmeal,Delicious maple-flavored oatmeal for a quick breakfast.
Chocolate Coconut Protein Balls,No-bake protein balls with chocolate and coconut flavors.
Sushi Rice,Short-grain sushi rice for perfect rolls.
Instant Pot,7-in-1 multi-cooker for versatile cooking.
Italian Marinara Sauce,"Classic marinara sauce for pasta, pizza, or dipping."
Adjustable Kitchen Broom Stand,Space-saving broom holder for organized cleaning supplies.
Creamy Ranch Dressing,Classic ranch dressing for salads and dipping.
Sliced Turkey Breast,"Oven-roasted sliced turkey, perfect for sandwiches."
Backpacking Tent,Lightweight and durable tent for camping trips.
Silicone Baking Mat,Non-stick baking mat for easy cooking and cleanup.
Organic Green Tea,Delicate green tea leaves for a refreshing beverage.
Personal Safety Alarm,Compact alarm for personal safety and security.
Gluten-Free Biscuits,Fluffy biscuits made without gluten
Cheese Stuffed Jalapenos,"Spicy jalapenos stuffed with cheese, ideal for appetizers."
Organic Honeycrisp Apples,"Sweet and crisp apples, perfect for snacking."
Professional Chef Knife,High-carbon stainless steel chef knife for precision cutting.
Pineapple Chunks (canned),Sweet pineapple chunks in syrup.
Wooden Children's Play Kitchen,Interactive kitchen set for imaginative play.
Frozen Burritos,Easy-to-heat frozen burritos for a quick meal.
Lemon Garlic Marinade,"A zesty marinade made with lemon juice and garlic, ideal for chicken or fish."
Lemon Dill Salmon,"Salmon fillets seasoned with lemon and dill, perfect for grilling."
Indoor Grill,Electric indoor grill for quick meals.
Non-Stick Baking Sheets,Set of baking sheets for effortless baking.
Roasted Red Pepper Hummus,A creamy and flavorful hummus made with roasted red peppers.
Tea Set with Infuser,Elegant tea set that includes an infuser for brewing.
Waterproof Rain Boots,Stay dry with these stylish waterproof rain boots.
Coconut Oil,Versatile organic coconut oil for cooking and baking.
Spaghetti Sauce,"Rich spaghetti sauce, a perfect pasta sauce."
Smart Home Security Camera,Wi-Fi camera with motion detection for home security.
Compact Folding Table,Versatile folding table great for events or outdoor activities.
Mini Indoor Hydroponic Garden,Grow herbs indoors with this easy-to-use hydroponic garden system.
Cauliflower Rice Stir-Fry,Frozen cauliflower rice blended with mixed vegetables and seasonings.
Elderberry Syrup Kit,DIY kit to make your own elderberry syrup.
Heavy Duty Gardening Tool Set,Comprehensive tool set for gardening enthusiasts.
Multi-Port USB Hub,USB hub for expanding ports on computers and laptops.
Portable USB-C Monitor,Lightweight and slim monitor ideal for dual-screen setups.
Wireless Gaming Mouse,Ergonomic mouse designed for gamers with high DPI.
Sweet Corn,"Tender sweet corn kernels, ready to eat or add to dishes."
Smoky BBQ Jackfruit,Pulled jackfruit in a smoky BBQ sauce for a tasty vegan dish.
Chipotle Sauce,Spicy sauce made with chipotle peppers
Kids' Trampoline,Safe and fun trampoline for children.
Suction Cup Hooks,Reusable suction cup hooks for hanging items.
Asian Stir-Fry Vegetables,Frozen mix of colorful stir-fry veggies.
Pet Grooming Scissors,Quality scissors designed for easy pet grooming.
Vegetarian Pizza,Frozen pizza loaded with vegetables and cheese.
Honey Sriracha Chicken Bites,"Frozen chicken bites coated in a honey sriracha glaze, spicy and sweet."
Fettuccine Alfredo Dinner Kit,Easy meal kit for creamy fettuccine Alfredo.
Sesame Garlic Stir-Fry Sauce,A flavorful sauce for stir-frying vegetables and meats.
Wooden Kitchen Utensil Set,Eco-friendly utensil set made from natural wood.
Adjustable Dumbbells,Space-saving adjustable dumbbells for strength training.
Garden Tool Set,Complete set of gardening tools for all your needs.
Crispy Kale Chips,"Baked kale chips seasoned for a healthy, crunchy snack."
Cat Tree,Multi-level cat tree for climbing and scratching.
Rustic Italian Bread,"Freshly baked rustic bread, perfect for sandwiches or dipping in olive oil."
Suction Cup Hooks,Reusable suction cup hooks for hanging items.
Italian Breadsticks,Crispy breadsticks seasoned with herbs and garlic.
Wall Planner,Large wall planner for organizing schedules.
Organic Tomato Soup,Hearty tomato soup made from organic ingredients.
Lemon Dill Chicken Skewers,"Marinated chicken skewers with lemon and dill flavor, grilled to perfection."
Kombucha Drink,"Refreshing and tangy fermented tea, available in various flavors."
Stainless Steel Water Pitcher,Insulated pitcher to keep beverages cold or hot.
LED Disco Ball Light,Fun light that creates a disco atmosphere for parties.
Coconut Almond Granola,"Crunchy granola made with oats, almonds, and coconut flakes."
Throw Pillow Covers,Set of decorative pillow covers to enhance your home decor.
Fitness Resistance Bands Kit,Set with various resistance bands for workouts.
Maple Pecan Oatmeal Cookies,Soft oatmeal cookies with maple and pecans.
Smart Scale,Wi-Fi smart scale for tracking weight and BMI.
Self-Inflating Camping Mattress,Comfortable camping mattress that inflates automatically.
Cheddar Cheese Crackers,Crunchy crackers topped with real cheddar cheese flavor.
Lentils,"High in protein, perfect for soups and stews."
Smart Wi-Fi Camera,Indoor Wi-Fi camera for home security.
Mango Chia Pudding,Healthy chia pudding made with mango and coconut milk.
Travel Jewelry Organizer,Compact storage for your jewelry while traveling.
Gardening Tool Belt,Convenient belt with pockets for easy access to tools while gardening.
Fitness Tracker Band,Affordable fitness tracker with heart rate monitor.
Chino Shorts,Classic chino shorts in a versatile color for summer adventures.
Coffee Subscription Service,Monthly subscription for freshly roasted coffee delivered to your door.
Classic BBQ Sauce,Smoky and sweet BBQ sauce for grilling and dipping.
Multi-Function Meat Tenderizer,Kitchen tool for tenderizing meat to enhance flavors.
Pet Activity Tracker,GPS collar that monitors your pet's location and activity level.
Roasted Vegetable Medley,A mix of frozen roasted vegetables for an easy side dish.
Savory Oatmeal,Oatmeal made with savory spices and vegetables.
Caramel Apple Taffy,"Sweet and chewy taffy flavored like caramel apples, great for fall."
Tandoori Chicken Skewers,Marinated chicken skewers infused with traditional tandoori spices.
Eggs (dozen),"Farm fresh eggs, essential for breakfast."
Rice Pudding,Creamy dessert made with rice and cinnamon.
Mini Projector,Portable projector with 1080p resolution for movies.
Smart Home Hub,Connect and control smart devices from one app.
Pet Grooming Brush,Self-cleaning grooming brush for cats and dogs.
Organic Almonds,"Crunchy and nutritious almonds, perfect for snacking."
Magnet Travel Fridge Magnets,Fun tourist magnets from around the world for your fridge.
Vegetarian Stuffed Peppers,"Bell peppers stuffed with rice, beans, and spices, ready to bake."
Self-Cleaning Cat Litter Box,Automated litter box that cleans itself after each use.
Gardening Gloves,Durable gardening gloves with reinforced fingertips.
Pumpkin Spice Latte Mix,Instant mix for delicious pumpkin spice lattes at home.
Microfiber Cleaning Cloths,Pack of ultra-soft microfiber cloths for cleaning.
Adjustable Bar Stools,Stylish bar stools with adjustable height and swivel features.
Maple Bacon Potato Chips,Savory potato chips with a hint of maple sweetness and crispy bacon flavor.
Sushi Roll Kit,All ingredients needed to make your own sushi
Shower Curtain Hooks,Stylish hooks to easily hang shower curtains.
Shatterproof Wine Glasses,"Durable, unbreakable wine glasses for outdoor use."
Vegetable Fried Rice,Quick and easy fried rice mixed with vegetables and soy sauce.
Chili Powder,Spicy chili powder to add heat to dishes.
Memory Card,64GB SD memory card for cameras and devices.
Pasta Maker,Manual pasta maker for homemade pasta.
Hummus,"Creamy chickpea dip, perfect for veggies or pita."
Camping Chair,Portable folding camping chair with cup holder.
Chocolate Almond Milk,Rich and creamy almond milk with a hint of chocolate.
Backpacking Tent,Lightweight and durable tent for camping trips.
Smartwatch,Stylish smartwatch with fitness tracking features.
Adjustable Height Standing Desk Converter,Convert your desk to a standing desk easily.
Cabbage,"Fresh green cabbage, great for salads and slaws."
Vegan chocolate chip cookies,"Delicious soft cookies, dairy-free and egg-free, perfect for treats."
Portable Speaker Stand,Adjustable stand for portable speakers and devices.
Multifunctional Pocket Tool,Compact pocket tool with various built-in functions.
Herbal Tea Infuser,Infuser for brewing loose-leaf herbal teas easily.
Jump Rope with Counter,Durable jump rope with built-in counter for workouts.
Black Bean & Corn Salad,"A fresh salad made with black beans, corn, and a zesty dressing, great for summer cookouts."
Heated Throw Blanket,Soft blanket that provides warmth with adjustable settings.
Vegan Chickpea Salad,"Healthy salad made with chickpeas, vegetables, and a lemon dressing."
Frozen Fruit Medley,"A mix of strawberries, blueberries, and raspberries, perfect for smoothies."
Kids' Educational Tablet,Learning tablet with kid-friendly educational apps.
Mini Indoor Herb Garden Kit,All-in-one kit for growing herbs in your kitchen.
Essential Oil Diffuser,Ultrasonic diffuser that helps create a calming atmosphere.
Folding Backpack Chair,Versatile chair that easily folds up for carrying.
LED Flashlight,Bright LED flashlight with adjustable beam.
Indoor Grill,Electric indoor grill for quick meals.
Board Game,Strategic board game for family game nights.
Almond Crunch Granola Bars,Nutty granola bars for healthy snacking.
Electric Egg Cooker,Automatically cooks eggs to your desired level.
Lemon Dill Chicken Skewers,"Marinated chicken skewers with lemon and dill flavor, grilled to perfection."
Honey Ginger Tea,"Soothing tea with honey and ginger, great for relaxation."
Stainless Steel Travel Mug,Insulated mug to keep drinks hot on the go.
Honey Graham Crackers,Sweet and crunchy honey-flavored graham crackers.
Vegan Taco Seasoning,Spice blend for creating flavorful vegan taco filling.
Bamboo Cutting Board Set,Eco-friendly bamboo cutting boards in various sizes.
Pet Grooming Brush,Self-cleaning grooming brush for cats and dogs.
Oven Thermometer,High-precision oven thermometer for accurate cooking.
Whole Roasted Chicken,"Seasoned and roasted to perfection, ready to eat."
Classic Cheesecake Mix,"A simple, no-bake cheesecake mix to create your own delicious cheesecake."
Electronic Drum Kit,Compact electronic drum kit for musicians of all levels.
Stuffed Peppers with Quinoa,Bell peppers filled with quinoa and vegetables.
Apple Pie Filling,"Sweet and spiced apple filling, perfect for pies."
Frozen Chicken Nuggets,Crispy chicken nuggets for quick meals.
Sour Cream,"Tangy sour cream, perfect for dips and toppings."
Car Seat Organizer,Storage solutions for keeping your car tidy and organized.
Silicone Baking Cups,Set of reusable baking cups for muffins and cupcakes.
Egg Noodles,"Wide egg noodles, perfect for casseroles and soups."
Organic Blueberries,Fresh organic blueberries perfect for snacking or baking.
Peanut Butter Granola,Crunchy granola full of peanut butter flavor and oats.
Nutty Trail Mix,"A blend of nuts, seeds, and dried fruits for snacking."
Electric Rice Cooker,Multi-function rice cooker for all types of rice recipes.
Vegetable Fried Rice Mix,A quick and easy fried rice mix with colorful veggies and savory seasoning.
Herbed Goat Cheese,"Tangy goat cheese infused with herbs, perfect for snacking."
Smoked Gouda Cheese,Rich and creamy smoked Gouda cheese perfect for snacking.
Air Purifier,HEPA air purifier for clean indoor air.
Breezy Off-The-Shoulder Top,A light and breezy top ideal for warm days.
Habanero Hot Sauce,Fiery hot sauce made with fresh habaneros and spices.
Multi-Cooker,Versatile multi-cooker for pressure cooking and slow cooking.
Electric Heat Press Machine,Ideal for creating custom designs on t-shirts and fabrics.
Vegetable Stir-Fry Sauce,Savory sauce for vegetable and meat stir-fries.
Raisin Cinnamon Granola,Crunchy granola with raisins and cinnamon for a delightful breakfast.
Heavy Duty Gardening Tool Set,Comprehensive tool set for gardening enthusiasts.
Honey,"Pure and natural honey, great for sweetening."
Coconut Milk Ice Cream,"Dairy-free ice cream made with coconut milk, creamy and delicious."
Ankle Boots,"Stylish leather ankle boots with a block heel, perfect for fall styling."
Handcrafted Wooden Coasters,Set of unique wooden coasters for drinks and decor.
Silicone Baking Mat,Non-stick baking mat for easy cooking and cleanup.
Lightweight Travel Backpack,Compact and portable backpack for day trips and travel.
Foldable Yoga Mat Carry Bag,Durable bag for carrying your yoga mat and accessories.
Cinnamon Rolls,"Sweet and gooey cinnamon rolls, ready to bake."
Italian Herb Balsamic Marinade,"A rich marinade perfect for meats and vegetables, infused with Italian herbs and balsamic vinegar."
Satin Slip Dress,Luxurious satin slip dress for an elegant evening look.
Coconut Yogurt,"Creamy yogurt made from coconut milk, dairy-free and delicious."
Savory Snack Mix,"A mix of nuts, pretzels, and crackers, seasoned just right for snacking."
Rechargeable Electric Toothbrush,Advanced electric toothbrush for effective cleaning.
Slim Fit Chinos,Comfortable slim fit chinos for a polished look.
Workstation Laptop Stand,Adjustable stand to improve ergonomics while working on a laptop.
Eco-Friendly Stainless Steel Straws,Reusable straws that come with a cleaning brush.
Car Windshield Sun Shade,Protects car interior from sun damage and heat.
DIY Candle Making Kit,Everything you need to make your own candles.
Trendy Bomber Jacket,A fashion-forward bomber jacket to elevate your casual looks.
Thyme,"Fresh thyme, perfect for seasoning dishes."
Collapsible Storage Crates,Space-saving crates for easy organization at home or while traveling.
Organic Granola,Healthy granola made with oats and honey.
Pistachio Ice Cream,Creamy pistachio-flavored ice cream with real nuts.
Adjustable Yoga Mat Strap,Convenient strap for carrying yoga mats to class.
Multi-Purpose Scissors,Heavy-duty scissors for crafting and office use.
Portable Hammock Swing,Lightweight and portable swing hammock for relaxing outdoors.
Artisan Flatbreads,"Thin and crispy flatbreads, perfect for dips."
Kids' Trampoline,Safe and fun trampoline for children.
Self-Adhesive Wallpaper,Peel and stick wallpaper for easy home decor changes.
Chilli Lime Corn on the Cob,Corn on the cob seasoned with chili and lime for a spicy kick.
Magnetic Screen Door,Keep bugs out while allowing fresh air in during summer.
Lemon Sorbet,Refreshing sorbet with a zesty lemon flavor.
Laundry Detergent,Effective laundry detergent for a deep clean.
Chipotle Black Bean Burger,"Spicy black bean burgers, great on the grill."
Emergency Preparedness Kit,Complete kit for emergency situations including food and water.
Compact Dishwasher,Countertop dishwasher for small kitchens.
Compact Folding Table,Versatile folding table great for events or outdoor activities.
Faux Fur Coat,A luxurious faux fur coat that adds glamour to any outfit.
Travel Sewing Kit,Compact sewing kit for travel emergencies.
Oats,"Organic rolled oats, great for breakfast or baking."
Multifunctional Pocket Tool,Compact pocket tool with various built-in functions.
Grapes (red),"Fresh seedless red grapes, perfect for snacking."
Adjustable Pet Feeder,Convenient feeder that adjusts to your pet's height.
Fleece Throw Blanket,"Super soft fleece blanket, perfect for coziness."
Roasted Red Pepper Hummus,A creamy and flavorful hummus made with roasted red peppers.
Creamy Avocado Dip,"Rich and creamy dip made with real avocado, great for chips."
Foot Massager Machine,Electric foot massager for relaxation and relief.
Reusable Coffee Filter,Eco-friendly coffee filter for brewing.
Garden Hose,Durable 50-foot garden hose with nozzle.
Balsamic Salad Dressing,"Tangy and sweet balsamic dressing, perfect for salads."
Apple Juice,"Refreshing apple juice, 100% juice with no added sugar."
Pasta Portion Control Measure,Tool for measuring perfect pasta portions every time.
Cinnamon Roll Dough,Ready-to-bake cinnamon roll dough for easy breakfasts.
V-Neck Sweater,Classic V-neck sweater crafted from soft wool for warmth and style.
Travel Document Organizer,"Organize travel documents, passport, and cards."
Smart Scale,Wi-Fi smart scale for tracking weight and BMI.
Chocolate Almond Milk,Rich and creamy almond milk with a hint of chocolate.
Pet Leash,Durable pet leash with comfortable handle.
Pasta Sauce Mix,Just add water for a quick pasta sauce.
Glass Water Bottle,Borosilicate glass water bottle with silicone sleeve.
Nutty Granola Clusters,Crunchy granola clusters mixed with nuts and honey.
Frozen Berry Blend,A mix of frozen berries for smoothies or desserts
Portable Pet Water Bottle,Travel-friendly water bottle for pets on the go.
Pumpkin Spice Coffee,"Coffee blend infused with pumpkin spice, perfect for fall."
Herbal Tea Sampler Box,Assorted collection of herbal teas for relaxation and wellness.
Maple Bacon Popcorn,Savory popcorn flavored with maple syrup and bacon bits.
Peanut Butter,"Creamy and smooth peanut butter, perfect for sandwiches."
Creamy Garlic Mashed Potatoes,Rich and buttery mashed potatoes with roasted garlic.
Strawberry Fruit Spread,Natural fruit spread bursting with real strawberry flavor.
Fruit Medley Juice,Refreshing juice blend made with various fresh fruits.
Infrared Thermometer Gun,Non-contact thermometer for quick and easy temperature readings.
Oats,"Organic rolled oats, great for breakfast or baking."
Chocolate Peanut Butter Cups,Delicious dark chocolate cups filled with creamy peanut butter.
Pet Food Storage Container,Airtight container to keep pet food fresh.
Electric Heating Pad,Microwaveable heating pad for muscle pain relief and relaxation.
Electric Blanket,Extra soft electric blanket with adjustable heat settings.
Stainless Steel Water Pitcher,Insulated pitcher to keep beverages cold or hot.
DIY Candle Making Kit,Everything you need to make your own candles.
Lentil Soup,"Flavorful lentil soup, perfect for a quick meal."
Body Wash,Moisturizing body wash with natural ingredients.
Pineapple Coconut Bars,Refreshing dessert bars made with pineapple and coconut.
Sweet Potatoes,"Sweet and nutritious potatoes, great for roasting."
Indestructible Dog Toy,Durable toy designed for heavy chewers.
Portable Water Filter,Lightweight water filter for outdoor adventures.
Vegetarian Pizza,Frozen pizza loaded with vegetables and cheese.
Foot Massager,Electric foot massager with heat settings.
Pumpkin Pie Spice,A blend of spices that brings the taste of fall to your baked goods.
Coffee Capsule Dispenser,Organize coffee capsules with this stylish dispenser.
Margherita Pizza,"A frozen pizza topped with fresh mozzarella, tomatoes, and basil."
Woven Storage Baskets,Stylish baskets for organizing various items in your home.
Savory Oats,"Instant oats with a savory twist, such as herbs and spices."
Outdoor Fire Pit,Portable fire pit for backyard gatherings.
Tomato Sauce,Rich and flavorful tomato sauce for pasta or pizza.
Tropical Fruit Bowl,A mix of tropical fruits for a refreshing snack or dessert.
Savory Rice Cakes,"Lightly salted rice cakes, perfect for a healthy snack."
Stuffed Grape Leaves,"Grape leaves stuffed with rice and herbs, ready to eat."
Lemon Sorbet,Refreshing sorbet with a zesty lemon flavor.
Protein Bar Variety Pack,A pack of assorted nut and protein bars for a quick energy boost.
Chocolate Mint Protein Shake,A nutritious shake with rich chocolate and refreshing mint flavors.
Outdoor Portable Fire Pit,Compact fire pit for campfires and gatherings.
Wireless Security System,Comprehensive camera and alert system for home security.
Portable Pet Bathing Tool,Handheld sprayer designed for washing pets easily.
Training Soccer Ball,Durable training soccer ball for practice.
Whole Roasted Chicken,"Seasoned and roasted to perfection, ready to eat."
Pet Bed,Comfortable pet bed for small to medium-sized dogs.
Organic Chia Seeds,Nutritious chia seeds great for smoothies
Cinnamon Sugar Mix,Sweet mixture of cinnamon and sugar for sprinkling.
Wall-Mounted Bookshelf,Floating bookshelf to display your favorite books.
Fruit and Nut Medley,A healthy mix of assorted dried fruits and nuts for snacking.
Sweet Corn Fritters,Golden-brown fritters made with sweet corn.
Reclining Camping Chair,Foldable reclining camping chair with cup holder.
Set of Measuring Spoons,Stainless steel measuring spoons set for cooking.
Oatmeal Raisin Cookies,Delicious cookies packed with oats and raisins.
Jennifer's Amazing Lip Balm Kit,DIY kit to make your own lip balms in various flavors.
Cereal Dispenser with Portion Control,Maintain freshness and dispense cereal easily.
Organic Coconut Yogurt,Dairy-free yogurt made from coconut milk.
Portable Phone Charger,High-capacity power bank for charging devices on the go.
Banana Nut Oatmeal Cups,"Quick oatmeal cups with banana and nut flavor, great for breakfast."
Chicken Breasts,Juicy and tender boneless chicken breasts.
Gardening Fairy Figurines,Cute fairy figurines to decorate your garden or potted plants.
Board Game Storage,Organize your board games with this storage bin.
Compost Bin,Countertop compost bin for kitchen waste.
Garden Tool Set,Complete set of gardening tools for all your needs.
Coconut Granola,Crunchy granola mixed with coconut flakes.
Artisan Cornbread Mix,"Mix for homemade cornbread, just add water and bake for a delicious side."
Set of Silicone Cooking Utensils,Non-stick utensils for safe and easy cooking.
Brownie Bites,"Fudgy brownie bites, perfect for sharing or snacking."
Homestyle Beef Stew,"Hearty beef stew with vegetables, ready to heat and serve."
Herbal Tea Infuser,Infuser for brewing loose-leaf herbal teas easily.
Savory Rice Cakes,"Lightly salted rice cakes, perfect for a healthy snack."
Plant-Based Meal Prep Containers,Eco-friendly meal prep containers for healthy eating.
Blue Denim Jeans,Classic fit blue jeans with a slight stretch for comfort and durability.
Fitness Resistance Bands,Set of resistance bands for home workouts.
Carrot Ginger Soup,"Smooth soup made from carrots and ginger, great for cold days."
Frozen Salmon Filets,"Wild-caught salmon filets, perfect for grilling or baking."
Decorative Wall Tapestry,Colorful tapestry to add charm to any room.
Smartphone Stand,Adjustable stand for smartphones and tablets.
Buffalo Style Cauliflower Bites,"Frozen cauliflower bites coated in spicy buffalo sauce, ready to bake and enjoy as an appetizer."
Lemon Garlic Marinade,"A zesty marinade made with lemon juice and garlic, ideal for chicken or fish."
Set of Herb Garden Markers,Stylish markers for labeling your indoor garden plants.
Cabbage Slaw Mix,Fresh cabbage and carrot slaw mix for salads.
Portable Grill Cover,Durable cover to protect your grill from the elements.
Eco-Friendly Cleaning Cloths,Reusable microfiber cloths for environmentally friendly cleaning.
Blackberry Jam,Delicious homemade style blackberry jam.
Baked Falafel Balls,"Frozen falafel balls made from chickpeas and herbs, perfect for quick meals or salads."
Gardening Tool Belt,Convenient belt with pockets for easy access to tools while gardening.
Dark Chocolate Raisins,Juicy raisins coated in rich dark chocolate.
Pressure Cooker,Instant pressure cooker with multiple cooking settings.
Balsamic Fig Dressing,"A sweet and tangy dressing made with figs and balsamic vinegar, great on salads."
DIY Lip Balm Kit,Craft your own lip balms with this complete kit.
Oatmeal Raisin Cookies,Delicious cookies packed with oats and raisins.
Kids' Art Easel,Double-sided art easel for painting and drawing.
Electric Toothbrush,Rechargeable electric toothbrush with smart timer.
Children's Gardening Set,Fun gardening tools designed specifically for kids.
Organic Honeycrisp Apples,"Sweet and crisp apples, perfect for snacking."
Portable Massage Gun,Personal massager for muscle recovery.
Multifunctional Pocket Tool,Compact pocket tool with various built-in functions.
Oven-Baked Sweet Potato Fries,"Crispy sweet potato fries, perfectly seasoned and baked to perfection."
Cordless Electric Screwdriver,Rechargeable screwdriver with multiple bits for DIY projects.
Luxury Bath Salts,Scented bath salts for relaxation and self-care.
Smart Home Hub,Connect and control smart devices from one app.
Comfy Slippers,Soft and cozy slippers for indoor wear.
Organic Coconut Yogurt,Dairy-free yogurt made from coconut milk.
Fashionable Scarves Set,Stylish scarves to accessorize any outfit.
Comfort Flats,Everyday flats that combine comfort and style.
Spicy Beef Taco Mix,Easy mix for making spicy beef tacos.
Electric Pressure Cooker,"Multi-function pressure cooker that can sauté, steam, and slow cook."
Eco-Friendly Stainless Steel Straws,Reusable straws that come with a cleaning brush.
Sweet Chili Sauce,"A sweet and spicy sauce, great for dipping or cooking."
Smart Thermostat,Wi-Fi enabled thermostat for energy-saving temperature control.
Fleece Lined Leggings,Comfortable and warm leggings perfect for colder weather.
Asian Stir-Fry Vegetables,Frozen mix of colorful stir-fry veggies.
Vegetarian Stuffed Peppers,"Bell peppers stuffed with rice, beans, and spices, ready to bake."
Insulated Coffee Mug,Double-walled mug to keep your drink hot for longer.
Dark Chocolate Bars,"Rich dark chocolate bars, perfect for a sweet treat."
Adjustable Laptop Stand,Ergonomic stand for laptops to improve posture while working.
Puzzle 3D Model Kit,3D model puzzle kit for creative builders.
Plant Watering Spikes,Automatic watering devices for potted plants.
Lemon Zest Olive Oil,High-quality olive oil infused with fresh lemon zest.
Digital Wireless Meat Thermometer,Bluetooth thermometer that alerts you when your meat is done.
Ribbed Knit Dress,A fitted ribbed knit dress that hugs your curves perfectly.
Almond Coconut Granola,Crunchy granola with almonds and coconut.
Banana Nut Muffins,"Moist, fluffy muffins packed with bananas and walnuts for a delightful breakfast or snack."
Outdoor Sports Backpack,Durable backpack designed for hiking and outdoor excursions.
Vegetable Pizza Rolls,"Frozen pizza rolls filled with vegetables and cheese, perfect for snacks."
Handheld Shower Head,Adjustable shower head for a luxurious shower experience.
Garlic Breadsticks,"Ready-to-bake garlic breadsticks, perfect with pasta dishes."
Peach Slices in Syrup,"Sweet and tender peach slices preserved in syrup, great for desserts."
Cinnamon Ice Cream,"Creamy ice cream with a warm cinnamon flavor, perfect for dessert."
Kids' Trampoline,Safe and fun trampoline for children.
Sushi Roll Kit,All ingredients needed to make your own sushi
Vanilla Bean Greek Yogurt,Smooth Greek yogurt infused with vanilla bean flavor.
Buttermilk Pancakes,Fluffy pancakes with buttermilk flavor.
Premium Flashlight,High-intensity flashlight with adjustable focus and brightness.
Bluetooth Shower Speaker,Water-resistant Bluetooth speaker for showers.
Popcorn Chicken,"Crispy chicken bites, perfect for dipping."
Organic Green Apples,"Fresh and tart organic green apples, great for snacking or baking."
Peach Slices in Syrup,"Sweet and tender peach slices preserved in syrup, great for desserts."
Siphon Coffee Maker,Unique coffee brewing method for a flavorful experience.
Pet Tracking Collar,GPS pet collar that helps locate your pet via smartphone app.
Portable Bluetooth Speaker,Compact Bluetooth speaker with rich sound quality.
Organic Quinoa Salad,A refreshing salad made with quinoa and seasonal veggies.
Warm Knit Beanie,Stay warm with this stylish knit beanie in various colors.
Decorative Throw Blanket,Soft throw blanket for cozy home decor.
Chocolate Dipped Fruit,"Fruits dipped in rich chocolate, perfect for desserts."
Outdoor Mosquito Repellent Lantern,Lantern that repels mosquitoes while providing light.
Smart LED Desk Lamp,Adjustable lamp with multiple brightness levels and colors.
Vegetable Sushi Rolls,Fresh sushi rolls filled with a variety of vegetables.
Spicy Avocado Salsa,"A zesty salsa made from ripe avocados, tomatoes, onions, and jalapeños, great for dipping or topping."
Pasta Maker Machine,Manual pasta maker for creating fresh pasta at home.
Mini Indoor Hydroponic Garden,Grow herbs indoors with this easy-to-use hydroponic garden system.
Garam Masala Spice Blend,A fragrant Indian spice blend for curries and stews.
Rechargeable Hand Warmer,Portable rechargeable warmer for cold days.
Organic Quinoa Chips,"Light and crispy chips made from quinoa, ideal for dipping."
Honey Wheat Pretzels,Crunchy pretzel sticks made with honey and whole wheat.
Wall-Mounted Bookshelf,Floating bookshelf to display your favorite books.
Salsa,"Fresh and zesty salsa, perfect for nachos."
Popcorn Chicken,"Crispy chicken bites, perfect for dipping."
Collapsible Pet Dog Bowl,Travel-friendly dog bowl that is collapsible for easy storage.
Self-Adhesive Wallpaper,Peel and stick wallpaper for easy home decor changes.
Luxury Rolling Makeup Case,Stylish and spacious case for makeup and beauty products.
Dog Training Collar,Rechargeable training collar for effective behavior training.
Chickpea Salad Deluxe,"Chickpeas mixed with fresh vegetables and herbs, a nutritious snack or salad."
Travel Mug,Stainless steel travel mug with spill-proof lid.
Balsamic Fig Dressing,"A sweet and tangy dressing made with figs and balsamic vinegar, great on salads."
Garlic & Herb Goat Cheese,"Creamy goat cheese infused with herbs and garlic, perfect for spreading on crackers."
Almond Crunch Granola Bars,Nutty granola bars for healthy snacking.
Whole Wheat Bread,"Freshly baked whole wheat bread, rich in fiber."
Smoked Salmon,"Deliciously smoked salmon, great for bagels."
Herbed Chicken Breast,"Marinated chicken breast seasoned with herbs, ready for grilling."
Plaid Flannel Shirt,"Soft flannel shirt with a timeless plaid pattern, perfect for layering."
Thai Green Curry Paste,A rich curry paste for making authentic Thai green curry at home.
Quality Chef Apron,Durable apron to keep clothes clean while cooking.
Hibiscus Herbal Tea,"Floral and refreshing herbal tea, great hot or iced."
Maple Bacon Potato Chips,Savory potato chips with a hint of maple sweetness and crispy bacon flavor.
Travel Orthopedic Pillow,Supportive pillow that provides comfort while traveling.
Fitness Jump Rope with LCD Counter,Weighted jump rope that counts jumps and calories burned.
Cranberry Almond Granola,"Crunchy granola with oats, almonds, and dried cranberries."
Field Journal,Durable journal for nature observations and notes.
Pecan Nuts,"Nutty, crunchy pecans great for baking."
Juice Extractor,Efficient juicer for fresh fruit and vegetable juices.
Woven Storage Baskets,Stylish baskets for organizing various items in your home.
Mini Waffle Maker,Compact waffle maker for perfect small waffles.
Water Bottle with Built-in Fruit Infuser,Stay hydrated with refreshing flavored water.
Patterned Knit Scarf,Add a pop of color with this stylish patterned knit scarf.
Coffee Making Kit,Complete set to brew coffee with different methods.
Wrist Support Brace,Comfortable support brace to relieve wrist pain.
Whole Grain Mustard,Tangy whole grain mustard for sandwiches and dressings.
Watercolor Paint Set,Vibrant watercolor paints that come with brushes and palettes.
Chocolate Chip Cookie Mix,Everything you need to bake delicious chocolate chip cookies.
Striped Long Sleeve Shirt,A casual striped long sleeve shirt that's perfect for layering.
Scented Soy Candles,Hand-poured candles made of natural soy wax.
Sustainable Wooden Toys,Eco-friendly toys for learning and imaginative play.
Wall-Mounted Spice Rack,Space-saving rack to store and organize spices conveniently.
Samsung Galaxy Smartwatch,Stylish smartwatch with fitness tracking and notifications.
Rice Cakes,"Light and crispy rice cakes, a perfect low-calorie snack."
Vegetable Broth,Rich vegetable broth for soups and stews.
Grapes (red),"Fresh seedless red grapes, perfect for snacking."
Lentil Soup,"Flavorful lentil soup, perfect for a quick meal."
Juice Extractor,Efficient juicer for fresh fruit and vegetable juices.
Frozen Hash Browns,"Shredded potatoes, perfect for breakfasts."
Instant Read Meat Thermometer,Fast and accurate thermometer for grilling and cooking.
Over-Ear Headphones,Comfortable over-ear headphones with deep bass.
Whipped Cream Cheese,"Light and fluffy cream cheese, perfect for bagels or cooking."
Garden Hoses with Expandable Features,"Lightweight, expandable hoses for easy handling."
Pet Safety Belt for Car,Seat belt attachment to keep dogs safe during car rides.
Electric Griddle,Large electric griddle for family meals.
Lemon Garlic Shrimp,"Marinated shrimp in a garlic and lemon sauce, perfect for grilling."
Kitchen Scale,Digital scale for precise cooking measurements.
LED Flashing Pet Collar,Safety collar with flashing lights for pets during night walks.
Spaghetti Squash,Low-carb vegetable for pasta alternatives.
High-Waisted Skirt,"Chic high-waisted skirt, perfect for professional or casual settings."
Mediterranean Chickpea Salad,"A refreshing salad with chickpeas, cucumber, tomatoes, and a light vinaigrette dressing."
Chocolate Chip Cookie Dough,Ready-to-bake cookie dough packed with chocolate chips.
Chipotle Sauce,Spicy sauce made with chipotle peppers
Insulated Cooler,Leak-proof cooler bag ideal for picnics and camping.
Dark Chocolate Covered Almonds,Roasted almonds dipped in rich dark chocolate.
Stainless Steel Cutlery Set,High-quality cutlery set for daily use or special occasions.
Organic Granola Cereal,Crunchy granola made with organic oats
Wine Glasses,Set of elegant wine glasses for special occasions.
Herbal Tea Set,Assorted herbal tea bags for relaxation and wellness.
Cucumber,"Fresh and crunchy cucumbers, great for salads."
Chickpea Salad Deluxe,"Chickpeas mixed with fresh vegetables and herbs, a nutritious snack or salad."
Fitness Jump Rope,Durable jump rope for cardio workouts.
Vacuum Sealer Machine,Seal food and maintain freshness longer.
Coconut Curry Lentils,Lentils cooked in a coconut curry for a hearty meal.
Honey Butter Popcorn,Light and fluffy popcorn coated in sweet honey butter.
Savory Oatmeal,Oatmeal made with savory spices and vegetables.
Cinnamon Raisin Bread,"Sweet bread with cinnamon and raisins, great for breakfast or snacks."
Asian Noodle Salad Kit,A pre-packaged salad kit with noodles and Asian-style dressing.
Peanut Butter,"Creamy and smooth peanut butter, perfect for sandwiches."
Camera Tripod,Sturdy camera tripod for professional photography.
Wireless Wi-Fi Extender,Boosts your Wi-Fi coverage for better connectivity.
Pet Bed,Comfortable pet bed for small to medium-sized dogs.
Pet Travel Backpack Carrier,Comfortable carry for pets while hiking or traveling.
Essential Oil Roller Bottles,Set of roller bottles for blending and applying essential oils.
Rainbow Veggie Chips,"Colorful veggie chips made from beets, carrots, and sweet potatoes."
Lemon Herb Grilled Chicken,Tender grilled chicken marinated in lemon herbs.
Natural Fruit Snacks,"Healthy fruit snacks, made with real fruit."
Spicy Thai Chili Sauce,A sweet and spicy sauce for dipping or cooking.
Herbal Garden Starter Kit,Indoor gardening kit with herbs and pots.
Tomato Basil Soup,"A classic soup combining tomatoes and basil, great with grilled cheese sandwiches."
Portable Laptop Table,Foldable table for working with laptops anywhere.
Cucumber Lime Sparkling Water,Refreshing sparkling water with cucumber and lime flavor.
Blackberry Compote,"Sweet blackberry compote, perfect for topping desserts."
Rice Noodles,"Thin rice noodles, ideal for stir-fries and soups."
LED Strip Lights,Colorful LED strip lights for home decoration.
Cordless Electric Screwdriver,Rechargeable screwdriver with multiple bits for DIY projects.
LED Strip Lights Kit,DIY LED strip lights with remote control.
Rainbow Veggie Chips,"Colorful veggie chips made from beets, carrots, and sweet potatoes."
Roasted Garlic Mashed Potatoes,Creamy mashed potatoes infused with roasted garlic flavor.
Truffle Parmesan Fries,"Crispy fries tossed in truffle oil and parmesan, a gourmet snack."
Mango Chunks,Frozen mango chunks for smoothies or snacking.
Fitness Tracker Watch,Water-resistant activity tracker and smartwatch features.
Self-Stirring Mug,Automated stirring for your drinks with just a press of a button.
Turkey Bacon,"Delicious turkey bacon, a healthier alternative."
Electric Razor,Rechargeable electric razor for a smooth shave.
Portable Grill Cover,Durable cover to protect your grill from the elements.
Nordic Berry Smoothie,Frozen smoothie blend with berries for a quick and healthy breakfast.
Almond Butter,Creamy almond butter made from roasted almonds.
Creamy Garlic Dressing,"Rich and creamy dressing with garlic flavor, perfect for salads."
Laptop Stand,Adjustable laptop stand for better ergonomics.
Outdoor Camping Lantern,Rechargeable LED lantern ideal for camping and outdoor activities.
Sweet Potato and Chickpea Bowl,A nourishing bowl of sweet potatoes and chickpeas with spices.
Chickpeas,"Canned chickpeas, perfect for hummus or salads."
Colorful Post-It Notes Set,Variety pack of sticky notes in different colors and sizes.
Chocolate Fudge Ice Cream,Rich and creamy chocolate fudge ice cream for dessert.
Insulated Lunch Box,Durable lunch box designed to keep food fresh and cool.
Kids' Crafting Station,Complete station with supplies for kids' art projects.
Garlic Butter Shrimp,"Frozen shrimp sautéed in garlic butter, ready to thaw and serve over pasta or rice."
Crispy Rice Treats,Classic marshmallow treats made with crispy rice.
Chocolate Chip Muffins,Fresh baked chocolate chip muffins for breakfast.
Weighted Jump Rope,Adjustable weighted jump rope for workouts.
Car Vacuum,Portable car vacuum cleaner with strong suction.
Wild Rice Pilaf,"A mix of wild rice with herbs and spices, ready to serve."
Laptop Backpack,Water-resistant laptop backpack with multiple compartments.
Grilled Vegetable Medley,"A mix of grilled vegetables, ready to heat for quick side dishes."
Mini Air Hockey Table,Fun tabletop air hockey for home or office.
Pineapple Coconut Rice Mix,A flavorful blend of rice with tropical pineapple and coconut flavors.
Sports Bottle,BPA-free sports bottle with flip-top lid.
Smart Thermostat,Wi-Fi enabled thermostat for energy-saving temperature control.
Grilled Vegetable Medley,"A mix of grilled vegetables, ready to heat for quick side dishes."
Halloween Decoration Set,Fun decorations for Halloween to set a spooky atmosphere.
Pesto Pasta Salad,Cold pasta salad tossed with pesto and fresh vegetables.
Tomato Sauce,Rich and flavorful tomato sauce for pasta or pizza.
Ceramic Bakeware Set,Durable ceramic bakeware for casseroles and desserts.
Bamboo Cutting Board Set,Eco-friendly bamboo cutting boards in various sizes.
Honey Garlic Chicken,Tender chicken coated in a sweet and savory honey garlic sauce.
Smart LED Light Strip,"Customizable RGB LED light strip, perfect for mood lighting."
High-Low Hem Tee,"Trendy high-low tee with a relaxed fit, ideal for weekends."
Cheddar Cheese Crackers,Crunchy crackers topped with real cheddar cheese flavor.
Whole Chicken,"A whole free-range chicken, ready for roasting."
Cilantro Lime Rice,"Easy-to-prepare rice with cilantro and lime flavors, great as a side."
Utility Cargo Pants,Practical cargo pants with lots of pockets for functionality.
Garlic and Herb Cream Cheese,Spreadable cream cheese with garlic and herbs.
Deluxe First Aid Kit,Comprehensive first aid kit for home and travel.
Salsa Verde,"Tangy green salsa made with tomatillos, perfect for tacos."
Kids' Building Blocks,Colorful building blocks for creative play.
LED Desk Lamp with USB Charging,Stylish desk lamp featuring a USB charging port.
Smart Home Hub,Connect and control smart devices from one app.
Classic Cheesecake Mix,"A simple, no-bake cheesecake mix to create your own delicious cheesecake."
Maple Almond Butter,Creamy almond butter sweetened with maple syrup for a delicious spread.
Chickpea Salad Deluxe,"Chickpeas mixed with fresh vegetables and herbs, a nutritious snack or salad."
Electric Rice Cooker,Multi-function rice cooker for all types of rice recipes.
Bodyweight Resistance Bands,Set of resistance bands for strength training at home.
Avocados,"Fresh, creamy avocados ideal for salads and guacamole."
Cocktail Shaker and Mixing Glass Set,Complete set for mixing cocktails at home.
Sunflower Seeds,Salted sunflower seeds perfect for snacking.
Frozen Spinach,"Chopped and frozen spinach, ideal for cooking and smoothies."
Cinnamon Sugar Donuts,Delicious mini donuts dusted with cinnamon sugar.
Maple Bacon Jerky,Savory bacon jerky coated with maple flavoring.
Casual Sneakers,Versatile canvas sneakers suitable for everyday wear with a comfortable fit.
Herb Garden Planter Box,Elevated planter box for growing herbs or small plants easily.
Raspberry Vanilla Greek Yogurt,Creamy Greek yogurt infused with raspberry and vanilla flavors.
Water Bottle,Insulated water bottle for keeping drinks cold.
Watering Can with Nozzle,Stylish watering can for plants with easy pouring nozzle.
Handmade Wooden Utensil Set,Unique handcrafted utensils for cooking and serving.
Herb Garlic Butter,"A flavorful garlic butter blend, perfect for cooking or baking."
Buffalo Style Cauliflower Bites,"Frozen cauliflower bites coated in spicy buffalo sauce, ready to bake and enjoy as an appetizer."
Artisan Bread Loaf,"Fresh artisan bread, perfect for sandwiches"
Whisk Set,Set of whisks in various sizes for cooking.
Rolling Cooler,Wheeled cooler for transporting drinks and snacks.
Wooden Children's Play Kitchen,Interactive kitchen set for imaginative play.
Sesame Oil,Nutty-scented oil for stir-fry and marinades.
Portable Air Purifier,Compact air purifier to improve indoor air quality.
Fettuccine Alfredo Dinner Kit,Easy meal kit for creamy fettuccine Alfredo.
Reusable Coffee Filter,Eco-friendly coffee filter for brewing.
Chickpea Salad Deluxe,"Chickpeas mixed with fresh vegetables and herbs, a nutritious snack or salad."
Caramel Sauce,Rich sauce for desserts and ice cream.
Fruit Medley Juice,Refreshing juice blend made with various fresh fruits.
Chocolate Chip Cookie Dough,Ready-to-bake cookie dough packed with chocolate chips.
Face Mask Set,Set of five reusable fabric face masks.
Mediterranean Chickpea Salad,"A refreshing salad with chickpeas, cucumber, tomatoes, and a light vinaigrette dressing."
Chocolate Mint Cookies,Delicious cookies with rich chocolate flavor and a hint of mint.
Honey Sesame Chicken,A delicious chicken dish featuring honey and sesame flavors.
Home Brewing Starter Kit,All-in-one kit for brewing beer at home.
Gardening Tool Belt,Convenient belt with pockets for easy access to tools while gardening.
Fashionable Belt Bag,Trendy belt bag for hands-free carrying.
Honey Graham Crackers,Sweet and crunchy honey-flavored graham crackers.
Organic Granola Cereal,Crunchy granola made with organic oats
Cordless Electric Screwdriver,Rechargeable screwdriver with multiple bits for DIY projects.
LED Christmas Tree Lights,String lights for decorating holiday trees.
Elegant Lace Dress,A stunning lace dress perfect for special occasions.
Whole Grain Cereal,"Healthy whole grain cereal, great for breakfast."
Almond Joy Snack Bars,Chewy snack bars with coconut and almonds coated in chocolate.
Bamboo Utensil Set,Sustainable bamboo utensils for cooking and serving.
Soft Plush Throw Blanket,Cozy throw blanket perfect for chilly evenings.
Steak Seasoning Rub,A blend of spices perfect for seasoning steak.
Spicy Chicken Wings,"Wide range of flavored wings, perfect for parties or casual snacking."
Multicolored LED Strip Lights,Flexible LED lights for creative home lighting designs.
Protein Powder,High-quality whey protein powder for muscle recovery.
Jasmine Rice,"Fragrant jasmine rice, perfect as a side dish."
Vegetable Spring Rolls,Crispy spring rolls filled with vegetables
Adjustable Garden Rake,Heavy-duty rake with adjustable width for different gardening needs.
Portable Bluetooth Speaker,Compact Bluetooth speaker with rich sound quality.
Feta Cheese,"Tangy feta cheese, perfect for salads and sandwiches."
Raisin Cinnamon Granola,Crunchy granola with raisins and cinnamon for a delightful breakfast.
Shatterproof Wine Glasses,"Durable, unbreakable wine glasses for outdoor use."
Stainless Steel Mixing Bowls,Set of versatile mixing bowls for cooking.
Stainless Steel Travel Mug,Insulated mug to keep drinks hot on the go.
Spaghetti Squash,Low-carb vegetable for pasta alternatives.
Face Mask Set,Set of five reusable fabric face masks.
Drone,Beginner-friendly drone with HD camera.
Magnetic Spice Jars,Convenient magnetic jars for easy spice storage.
Pine Nuts,Nutty flavor perfect for pesto and salads.
Spicy Roasted Nuts,"A mix of nuts roasted with spicy seasonings, perfect for snacking."
Organic Italian Seasoning,A blend of dried herbs commonly used in Italian cooking.
Honey BBQ Ribs,Tender ribs smothered in a honey barbecue sauce.
Instant Camera,Retro instant camera for capturing and printing photos instantly.
Coconut Oil Spray,A zero-calorie coconut oil spray for cooking and baking.
Wall Calendar,Beautiful wall calendar for organizing your schedule.
Greek Yogurt Parfait,"Layered Greek yogurt with granola and mixed berries, ready to enjoy."
Caramel Sauce,Rich sauce for desserts and ice cream.
Organic Apples,Crisp and delicious organic apples.
Classic Black Trousers,Timeless black trousers for a smart and sophisticated look.
Pleated Midi Dress,"A stylish midi dress with stylish pleats, suitable for any occasion."
Portable Speaker Stand,Adjustable stand for portable speakers and devices.
Honey Wheat Pretzels,Crunchy pretzel sticks made with honey and whole wheat.
Teriyaki Chicken Bowl,Ready-to-eat chicken bowl with teriyaki sauce and rice.
Home Brewing Starter Kit,All-in-one kit for brewing beer at home.
Dog Waste Bag Dispenser,Convenient dispenser for dog waste bags on walks.
Scented Candles,Set of three aromatic candles with various scents.
Pet Hair Removal Brush,Effective brush for removing loose hair from pets.
Self-Inflating Camping Mattress,Comfortable camping mattress that inflates automatically.
Fitness Tracker Watch,Water-resistant activity tracker and smartwatch features.
Smart LED Light Strip,"Customizable RGB LED light strip, perfect for mood lighting."
Travel Document Organizer,"Organize travel documents, passport, and cards."
Bamboo Toothbrush,Eco-friendly bamboo toothbrush for sustainable living.
Poppy Seed Dressing,"A light and tangy dressing with poppy seeds, perfect for salads."
Hibiscus Herbal Tea,"Floral and refreshing herbal tea, great hot or iced."
Personalized Pet ID Tags,Custom engraved ID tags for pets with your contact information.
LED Desk Lamp with USB Charging,Stylish desk lamp featuring a USB charging port.
Portable Massage Gun,Personal massager for muscle recovery.
Lemonade Mix,Sweetened powder for refreshing lemonade.
Coconut Yogurt,"Creamy yogurt made from coconut milk, dairy-free and delicious."
Fruit and Nut Bars,Individually packaged bars made with dried fruits and nuts.
Key Finder,Bluetooth-enabled key tracker to find lost items easily.
Sweet Potatoes (organic),"Fresh organic sweet potatoes, great for roasting or mashing."
Organic Coconut Water,Refreshing coconut water packed with electrolytes for hydration.
Biodegradable Phone Case,Eco-friendly phone case designed to decompose safely.
Maple Almond Yogurt,Creamy yogurt made with maple and almond flavors.
Wireless Induction Charger,Qi-certified charger for fast wireless charging of smartphones.
Harvest Grain Salad,"A hearty salad with grains, dried fruits, and nuts."
Buffalo Cauliflower Wings,Crispy cauliflower bites tossed in spicy buffalo sauce.
Robot Vacuum Cleaner,Smart robotic vacuum for automatic cleaning.
Mini Indoor Herb Garden Kit,All-in-one kit for growing herbs in your kitchen.
Organic Coconut Water,Refreshing coconut water packed with electrolytes for hydration.
Chickpea Flour,"Gluten-free flour made from ground chickpeas, great for cooking."
Turkey Bacon,"Delicious turkey bacon, a healthier alternative."
Magnetic Puzzle Board,Magnetic puzzle assembly board for kids.
Pet Safety Harness,Comfortable harness designed to keep pets safe in the car.
Oven-Baked Potato Chips,Light and crispy baked potato chips in assorted flavors.
Artisan Bread Loaf,"Fresh artisan bread, perfect for sandwiches"
Automatic Pet Feeder,Programmable pet feeder for scheduled meals.
Luxury Bathrobe,Soft and cozy bathrobe perfect for relaxing at home.
Luxury Bath Robe,Soft and plush robe for comfort after the shower.
Garden Vegetable Chips,"Crispy chips made from assorted garden vegetables, lightly salted."
Electric Kettle,Rapid boil electric kettle with temperature control.
Ergonomic Gaming Chair,Comfortable gaming chair for long hours of play.
Lentil Vegetable Curry,A flavorful lentil curry cooked with vegetables and spices.
Electric Egg Cooker,Automatically cooks eggs to your desired level.
Portable Air Compressor,Compact air compressor for inflating tires and sports equipment.
Electronic Drum Kit,Compact electronic drum kit for musicians of all levels.
Almond Flour Brownies,Deliciously rich brownies made with almond flour.
Coconut Oil Spray,A zero-calorie coconut oil spray for cooking and baking.
Ginger Snaps,Spicy ginger cookies that are crunchy and delicious.
Pumpkin Spice Cookies,Delicious cookies flavored with pumpkin and spices.
Bicycle Lock,Heavy-duty bicycle lock for security.
Electric Griddle,Large electric griddle for family meals.
Kids' Trampoline,Safe and fun trampoline for children.
Herbed Couscous,Quick-cooking couscous flavored with herbs and spices.
Creamy Avocado Dip,"Rich and creamy dip made with real avocado, great for chips."
Mechanical Pencil Set,"Precision pencils for drawing, sketching, and writing."
Instant Mashed Potatoes,Quick and easy side dish with buttery flavor.
Savory Mushroom Risotto,Creamy risotto infused with wild mushrooms.
Nail Polish Set,Assorted nail polish set for vibrant nails.
Personal Blender with Travel Cup,Blender for smoothies with a portable cup.
Mango Chili Salsa,"A sweet and spicy salsa made with mangoes and a hint of chili, great with chips or grilled chicken."
Ramen Noodle Soup Cups,Instant ramen cups with flavor-packed broth.
Insulated Sport Tumbler,Vacuum-insulated tumbler for beverages on the go.
Veggie Burger Patties,Delicious veggie burger patties for grilling or frying.
Nut Butter Cups,Delicious dark chocolate with creamy nut butter inside.
Maple Almond Granola,Crunchy granola with maple flavor and almond pieces for breakfast.
Sliced Strawberries,Fresh sliced strawberries for toppings or snacking
BBQ Lentil Chips,Savory lentil chips with BBQ flavor
Outdoor Picnic Blanket,Water-resistant blanket for picnics and outdoor events.
Stylish Combat Boots,Bold combat boots that make a statement with any outfit.
Portable Refrigerator Freezer,Compact fridge ideal for camping and road trips.
Chocolate Protein Powder,Rich chocolate protein powder for smoothies and baking.
Sesame Garlic Noodles,Delicious noodles tossed in a sesamegarlic sauce.
Whole Grain Cereal,"Healthy whole grain cereal, great for breakfast."
Electric Wax Warmer,Wax warmer for creating a soothing atmosphere with fragrances.
Outdoor String Lights,Fairy lights perfect for decorating patios and backyards.
Crispy Onion Rings,"Frozen onion rings, crispy and ready to bake."
Microfiber Cleaning Cloths,Pack of ultra-soft microfiber cloths for cleaning.
Blender Bottle,Portable mixer bottle for smoothies and protein shakes.
Siphon Coffee Maker,Unique coffee brewing method for a flavorful experience.
Marinara Sauce,Classic marinara sauce for all pasta dishes.
Basil-infused Olive Oil,Extra virgin olive oil infused with fresh basil.
Digital Kitchen Timer,Easy-to-read digital kitchen timer with alarms.
Stainless Steel Cutlery Set,High-quality cutlery set for daily use or special occasions.
Honey-Balsamic Vinaigrette,A sweet and tangy vinaigrette dressing for salads.
Pet Travel Bowl,Collapsible travel bowl for pets on the go.
Camping Tarp,Durable tarp for outdoor camping and protection.
Ceramic Bakeware Set,Durable ceramic bakeware for casseroles and desserts.
Car Vacuum,Portable car vacuum cleaner with strong suction.
Creamy Coleslaw Mix,Shredded cabbage and carrots for coleslaw.
Creamy Tomato Basil Soup,"Rich and creamy tomato basil soup, perfect with a grilled cheese."
Car Diagnostic Scanner,Tool to check car engine codes and performance issues.
Electric Skillet,Versatile electric skillet for stir-frying and searing.
Vegetarian Sausage Links,Plant-based sausage links with spices and herbs.
Digital Alarm Clock,Snooze function and LED display for easy reading.
Honey Nut Cheerios,Classic cereal made with whole grains and honey.
Raspberry Lemonade Mix,"A refreshing drink mix that combines sweet raspberries and tart lemons, perfect for summer."
Multifunctional Pocket Tool,Compact pocket tool with various built-in functions.
Camping Tent,Spacious 2-person camping tent with waterproof cover.
Smartphone Projector Kit,DIY kit to convert your smartphone into a mini projector.
Reusable Produce Bags Set,Eco-friendly mesh bags for shopping produce at the market.
Classic Black Trousers,Timeless black trousers for a smart and sophisticated look.
Artisan Flatbreads,"Thin and crispy flatbreads, perfect for dips."
Vegan Caesar Dressing,"Creamy vegan dressing made with cashews, perfect for salads."
Pineapple Rings,Delicious canned pineapple rings for desserts or salads.
Dark Chocolate Covered Pretzels,Crunchy pretzels dipped in rich dark chocolate.
Interactive Robot Toy,Fun robot that engages kids with games and activities.
Honey mustard chicken tenders,Golden crispy chicken tenders coated with honey mustard flavor.
Chocolate Chip Cliff Bars,Nutritious energy bars packed with chocolate chips.
Trail Mix (Deluxe),"A delightful mix of nuts, fruit, and chocolate."
Cereal Dispenser with Portion Control,Maintain freshness and dispense cereal easily.
Window A/C Unit,Energy-efficient window air conditioner for cooling.
Savory Pumpkin Soup,Creamy pumpkin soup with spices
Sweet Chili Dipping Sauce,A sweet and spicy sauce ideal for spring rolls or chicken nuggets.
Honey Mustard Chicken Breasts,Marinated chicken breasts coated in a sweet honey mustard glaze.
Self-Cleaning Water Bottle,Water bottle with built-in UV-C light for self-cleaning.
Garden Tool Belt,Handy belt for carrying garden tools while working.
Coconut Granola,Crunchy granola mixed with coconut flakes.
Organic Granola Cereal,Crunchy granola made with organic oats
Balsamic Glaze,Sweet and tangy balsamic reduction for drizzling.
Classic Pumps,Elegant classic pumps that add sophistication to any outfit.
Non-Stick Grill Pan,Heavy-duty grill pan for indoor grilling.
Nature Explorer Lens Kit,Magical lens kit for kids to explore the outdoors.
Ground Turkey,"Lean and versatile ground turkey, perfect for various dishes."
Coconut Curry Chicken,"Tender chicken cooked in a rich coconut curry sauce, ready to heat and serve."
Skincare Fridge,Small fridge designed to keep skincare products cool and fresh.
Survival Gear Kit,Essential survival gear kit for emergencies.
Mint Chocolate Chip Ice Cream,Creamy ice cream with refreshing mint flavor and chocolate chips.
High-Waisted Skirt,"Chic high-waisted skirt, perfect for professional or casual settings."
Portable Charcoal Grill,Compact charcoal grill perfect for tailgating.
Customizable Wall Calendar,Personalize your calendar with photos and special dates.
Natural Peanut Butter,Creamy peanut butter with no added sugar or oils.
Frozen Spinach,"Chopped and frozen spinach, ideal for cooking and smoothies."
Electric Air Pump,Fast and convenient air pump for inflating toys and furniture.
Garlic & Herb Goat Cheese,"Creamy goat cheese infused with herbs and garlic, perfect for spreading on crackers."
Vegetable Quinoa Bowl,"A frozen meal featuring quinoa and mixed vegetables, ready to heat and eat."
Yoga Wheel,Supportive yoga wheel for deep stretching and balance.
Wine Glasses,Set of elegant wine glasses for special occasions.
Oven Mitts with Pocket,Silicone oven mitts designed for safe cooking and baking.
Organic Baby Carrots,Fresh and crunchy baby carrots ready for snacking.
Chicken Salad Kit,All-in-one kit for making delicious chicken salad.
Bamboo Utensil Set,Sustainable bamboo utensils for cooking and serving.
Reusable Coffee Filter,Eco-friendly coffee filter for brewing.
Reusable Snack Bags,Eco-friendly reusable bags for snacks.
Pasta Maker Machine,Manual pasta maker for creating fresh pasta at home.
Smart LED Light Strip,"Customizable RGB LED light strip, perfect for mood lighting."
Peach Mango Smoothie,A refreshing blend of peaches and mangoes for a delicious smoothie.
Organic Baby Spinach,"Fresh baby spinach leaves, great for salads and smoothies."
Portable Speakers,Bluetooth speakers with excellent sound quality.
Coffee Making Kit,Complete set to brew coffee with different methods.
Fitness Tracker Band,Affordable fitness tracker with heart rate monitor.
Ginger Turmeric Latte Mix,A warming blend of ginger and turmeric for lattes.
Laptop Sleeve,Padded laptop sleeve for protection against scratches.
Dark Chocolate Tart,Decadent tart made with rich dark chocolate.
Coconut Cream Pie Yogurt,"Yogurt with the flavors of coconut cream pie, nice and indulgent."
Mobile Workbench,Sturdy mobile workbench with storage options.
High-Waisted Skirt,"Chic high-waisted skirt, perfect for professional or casual settings."
Chicken Salad Kit,All-in-one kit for making delicious chicken salad.
Ski Goggles,Anti-fog ski goggles for winter sports.
Mini Electric Kettle,Quick boiling kettle for small kitchens and dorms.
Balsamic Glaze,Sweet and tangy balsamic reduction for drizzling.
Crispy Kale Chips,"Baked kale chips seasoned for a healthy, crunchy snack."
Multifunctional Baby Bottle Warmer,Warmer for heating baby bottles and food jars.
Cotton Pajama Set,Soft cotton pajama set for cozy nights in.
Fitness Resistance Bands Set,Variety of bands suitable for all fitness levels.
Vegan Taco Seasoning,Spice blend for creating flavorful vegan taco filling.
Herbed Goat Cheese,"Tangy goat cheese infused with herbs, perfect for snacking."
Sporty Cap,Stylish cap to complete your athletic look.
Magnetic Phone Car Mount,Strong magnetic holder for smartphones in cars.
Beach Cover-Up,"Lightweight cover-up perfect for the beach, with a breezy design."
Almond Butter,Creamy almond butter made from roasted almonds.
Honey Sesame Cashews,Roasted cashews coated in honey and sesame seeds for a sweet treat.
Crispy Onion Rings,"Frozen onion rings, crispy and ready to bake."
Whole Wheat Pasta,Nutritious and hearty pasta made from whole wheat flour.
Fire Roasted Salsa,Salsa made with fire-roasted tomatoes for an authentic flavor.
Sunflower Seeds,Salted sunflower seeds perfect for snacking.
Home Delivery Food Journal,Track your meals and nutrition with this handy food journal.
Teriyaki Sauce,Sweet and savory sauce for marinating and glazing meats or vegetables.
Pet Travel Bowl,Collapsible travel bowl for pets on the go.
Magnetic Phone Car Mount,Strong magnetic holder for smartphones in cars.
Organic Quinoa Salad,A refreshing salad made with quinoa and seasonal veggies.
Oven-Baked Parmesan Zucchini,"Frozen zucchini slices coated in parmesan cheese, perfect for baking or frying."
Portable Solar Camp Shower,Portable solar shower for camping and outdoor use.
Portable Hand Warmer,Rechargeable hand warmer for cold weather comfort.
Set of Herb Garden Markers,Stylish markers for labeling your indoor garden plants.
Picnic Blanket,Waterproof picnic blanket for outdoor fun.
Classic Cheesecake Mix,"A simple, no-bake cheesecake mix to create your own delicious cheesecake."
Paprika,Rich and sweet paprika spice for seasoning.
Natural Soy Candles,Eco-friendly soy candles with a variety of scents.
Jigsaw Puzzle,500-piece jigsaw puzzle featuring beautiful scenery.
Gluten-Free Biscuits,Fluffy biscuits made without gluten
Cinnamon Ice Cream,"Creamy ice cream with a warm cinnamon flavor, perfect for dessert."
Honey Butter Popcorn,Light and fluffy popcorn coated in sweet honey butter.
Video Camera,1080p HD video camera with night vision.
Herb Drying Rack,Mesh drying rack for preserving herbs and flowers.
Chickpea Salad,A ready-to-eat salad made with chickpeas and veggies.
Cinnamon Sugar Tortilla Chips,"Crispy chips with a sweet twist, perfect for dipping."
Apple Cinnamon Granola,A wholesome granola with bits of apple and a touch of cinnamon.
Two-Tier Fruit Basket,Stylish fruit basket for kitchen or dining room.
Spinach Artichoke Dip,"A delicious creamy dip featuring spinach and artichokes, perfect for parties."
Lemon Herb Chicken,Marinated chicken grilled with lemon and herbs.
Microfiber Cleaning Cloths,Pack of ultra-soft microfiber cloths for cleaning.
Peanut Butter Banana Smoothie Mix,"Smoothie mix combining peanut butter and banana, great for a quick breakfast."
Wireless Induction Charger,Qi-certified charger for fast wireless charging of smartphones.
Key Finder,Bluetooth-enabled key tracker to find lost items easily.
Chili Lime Corn Chips,Crunchy corn chips flavored with chili and lime for a zesty kick.
Dog Collar,Adjustable dog collar with personalized tags.
Almond Milk Yogurt,"Creamy yogurt made from almond milk, vegan-friendly."
Glass Tea Pot,Elegant glass teapot for brewing loose tea.
Hibiscus Herbal Tea,"Floral and refreshing herbal tea, great hot or iced."
Steak Seasoning Rub,A blend of spices perfect for seasoning steak.
Wireless Earbuds,True wireless earbuds with touch control.
